{"short_name":"Daily Organizer","name":"Daily Task Organizer","description":"Organizador diario de tareas","display":"fullscreen","orientation":"any","background_color":"#1a1b1e","theme_color":"#1a1b1e","start_url":"/","scope":"https://ondfly.onrender.com/","icons":[{"src":"https://ondfly.onrender.com/icon.png","sizes":"24x24","type":"image/png"}],"prefer_related_applications":false,"categories":["productivity","utilities"],"shortcuts":[{"name":"Nueva Tarea","url":"/?action=new","description":"Crear nueva tarea"},{"name":"Tareas Pendientes","url":"/?filter=pending","description":"Ver tareas pendientes"}],"related_applications":[],"screenshots":[],"protocol_handlers":[{"protocol":"web+task","url":"/?task=%s"}],"share_target":{"action":"/?share","method":"GET","params":{"title":"title","text":"text","url":"url"}}}